{
	"skin-name": "fairOphelia",
	"preview-bg": "#ffffff",
	"text": "#333333",
	"text-inverse": "#ffffff",
	"text-disabled": "#aaaaaa",
	"has-gradients": true,
	"has-radius": true,
	"has-boxshadow": true,
	"btn-text": "#000000",
	"btn-text-shadow": "#ffffff",
	"btn-bg": "#ffffff",
	"btn-bg-hlight": "#fcfcfc",
	"btn-border-top": "rgba(255,255,255,0.1)",
	"btn-border-right": "rgba(0,0,0,0.1)",
	"btn-border-bottom": "rgba(255,255,255,0.25)",
	"btn-border-left": "rgba(255,255,255,0.25)",
	"btn-split-border": "#c4b6b6",
	"btn-primary-text": "#000000",
	"btn-primary-text-shadow": "#ffffff",
	"btn-primary-bg": "#ffffff",
	"btn-primary-bg-hlight": "#abb0ba",
	"menu-bg": "#ffffff",
	"menu-border": "rgba(0,0,0,0.2)",
	"menuitem-text": "#333333",
	"menuitem-bg-selected": "#7d7d7d",
	"menuitem-bg-selected-hlight": "#d3d4d4",
	"menuitem-separator-top": "#cbcbcb",
	"menuitem-separator-bottom": "#ffffff",
	"menuitem-text-inverse": "#ffffff",
	"menuitem-bg-active": "#b9bcbf",
	"menuitem-text-active": "#333333",
	"menuitem-preview-border-active": "#dedede",
	"checkbox-border": "#b5b5b5",
	"checkbox-border-focus": "#000000",
	"panel-border": "#ffffff",
	"panel-bg": "#ffffff",
	"panel-bg-hlight": "#ffffff",
	"textbox-bg": "#ffffff",
	"textbox-border": "#e8e8e8",
	"textbox-border-focus": "#dfe4e8",
	"window-bg": "#ffffff",
	"window-border": "#c4c4c4",
	"tab-bg": "#f5f5f5",
	"tab-bg-hover": "#ffffff",
	"tab-bg-active": "#ffffff",
	"tab-border": "#c4c0c0",
	"colorbtn-backcolor-bg": "#f5efef",
	"grid-border": "#e8e8e8",
	"grid-border-active": "#b5b5b5"
}